timestamp,trade_count,volume,avg_trade_size,return,volatility,score,prediction
2026-02-20 21:41:48,349,1.9212700000000067,0.005505071633237842,-7.26797436807066e-05,3.172524008754298,,
2026-02-20 21:42:08,830,2.274290000000032,0.0027401084337349783,-1.2311955279228387e-05,4.940640685399931,,
2026-02-20 21:42:29,253,0.5573800000000003,0.0022030830039525703,1.2312108691914791e-05,2.0586814191702776,,
2026-02-20 21:42:49,1147,3.8249300000000717,0.0033347253705318844,0.0006942163765643664,14.230593793009163,,
2026-02-20 21:43:09,1160,6.373809999999943,0.005494663793103399,0.0005524678428732845,13.278280901977574,,
2026-02-20 21:43:30,672,2.8043000000000204,0.004173065476190506,-0.00021600572815192796,4.770518815904432,,
2026-02-20 21:43:50,148,0.9337900000000016,0.0063093918918919025,-3.4823254940098385e-05,0.9854202180137062,,
2026-02-20 21:44:10,72,0.3492799999999999,0.00485111111111111,0.0,0.005003910838265599,,
2026-02-20 21:44:30,504,0.8276099999999955,0.0016420833333333244,8.846895362124269e-05,3.6612038772648394,,
2026-02-20 21:44:51,304,0.9188699999999985,0.0030225986842105216,-2.563446030119936e-05,2.139468822977951,,
2026-02-20 21:45:11,553,2.4160500000000065,0.004368987341772164,-1.1706209699826838e-05,3.6718958230835046,,
2026-02-20 21:45:31,728,3.188220000000004,0.004379423076923082,6.890444598171101e-05,4.860023031577921,,
2026-02-20 21:45:52,292,1.0688499999999952,0.0036604452054794356,0.00013039082724242084,3.0216871886569745,,
2026-02-20 21:46:12,492,3.639830000000027,0.007398028455284608,0.000101336035627565,3.989844138078842,,
2026-02-20 21:46:32,1154,4.099970000000043,0.0035528336221837464,-0.0003481222065970491,7.850435403932793,,
2026-02-20 21:46:52,639,3.301850000000018,0.005167214397496116,-0.00022998889177368965,4.937015429334178,,
2026-02-20 21:47:13,828,4.976159999999984,0.006009855072463749,0.00023256155210605057,6.177776170798913,,
2026-02-20 21:47:33,303,0.6229500000000001,0.0020559405940594063,-9.276587685773393e-05,2.318732067055514,,
2026-02-20 21:47:53,52,0.5507899999999998,0.01059211538461538,-1.4820202795673013e-07,0.005033822261764449,,
2026-02-20 21:48:13,611,6.077019999999888,0.009946022913256773,0.0003499050395366105,8.14562700895102,,
2026-02-20 21:48:34,589,2.751730000000002,0.004671867572156201,-0.00018311368826673236,3.599587664404099,,
2026-02-20 21:48:54,534,2.849580000000033,0.005336292134831522,0.00025471685532115705,5.390121275589182,,
2026-02-20 21:49:15,353,5.278870000000013,0.014954305949008534,-8.443957822278227e-05,2.3362544958831064,,
2026-02-20 21:49:36,811,2.9703700000000457,0.003662601726263928,1.4963364202725455e-05,4.069125810297303,,
2026-02-20 21:49:56,170,1.4012100000000014,0.00824241176470589,-2.3407688299692874e-05,0.6997469484417712,,
2026-02-20 21:50:16,370,1.5943399999999996,0.0043090270270270264,8.992912340575713e-05,3.050490740661388,,
2026-02-20 21:50:37,93,0.9015499999999995,0.009694086021505371,0.0,0.00484205899099783,,
2026-02-20 21:50:57,258,0.38340000000000085,0.0014860465116279104,5.5996947129599274e-05,1.7039611782002517,,
2026-02-20 21:51:17,737,4.8524599999999944,0.0065840705563093545,0.0002919677754085868,4.698016330266687,,
2026-02-20 21:51:37,625,6.829859999999983,0.010927775999999972,0.0002467155803258911,4.794947610740367,,
2026-02-20 21:51:58,635,3.325870000000022,0.005237590551181137,0.0001159247433738156,4.7279877240978045,,
2026-02-20 21:52:18,1497,5.32323999999998,0.0035559385437541613,-0.00016565102406806905,9.12249989030522,,
2026-02-20 21:52:38,2713,30.535430000000908,0.011255226686325436,-8.33574423390758e-05,15.872437472198612,,
2026-02-20 21:53:00,763,2.750500000000047,0.0036048492791612673,-0.00030798927131223434,6.649626697493802,,
2026-02-20 21:53:20,275,4.640939999999974,0.01687614545454536,6.828212396213145e-05,1.7090582411565312,,
2026-02-20 21:53:41,965,4.9538299999999875,0.005133502590673562,-0.000487124884957652,10.982302259381155,,
2026-02-20 21:54:01,936,4.992919999999802,0.0053343162393160275,0.00047743419572788507,9.595787212667476,,
2026-02-20 21:54:21,1179,2.9853300000000504,0.0025320865139949536,-0.0006150955982676815,12.298754806627864,,
2026-02-20 21:54:42,513,1.506870000000019,0.0029373684210526685,-0.00016124151222018975,3.2229048679652754,,
2026-02-20 21:55:03,225,1.4051800000000025,0.006245244444444456,8.315357487002003e-05,2.610485562693319,,
2026-02-20 21:55:23,545,1.5613800000000015,0.0028649174311926634,0.00035555942881660573,8.080441275751625,,
2026-02-20 21:55:43,855,1.9587400000000308,0.002290923976608223,-5.585588175034368e-05,4.710152755974584,,
2026-02-20 21:56:03,378,1.4066599999999947,0.003721322751322737,0.00019039471268705646,4.021518972091566,,
2026-02-20 21:56:23,548,1.1497600000000006,0.002098102189781023,-8.443916543395137e-06,3.725986142998508,,
2026-02-20 21:56:44,500,0.9827599999999957,0.0019655199999999914,-2.251730091616561e-05,2.8752740070520018,,
2026-02-20 21:57:04,198,0.7642099999999995,0.003859646464646462,6.384983703473759e-05,1.2288038038657043,,
2026-02-20 21:57:24,136,1.7466400000000002,0.01284294117647059,0.0,0.0049523876832445884,,
2026-02-20 21:57:45,800,15.583520000000222,0.01947940000000028,-0.00011258183477269608,6.89766025720198,,
2026-02-20 21:58:05,253,1.3606999999999998,0.005378260869565217,0.00011215004223763827,3.102655646232764,,
2026-02-20 21:58:25,461,2.305180000000018,0.005000390455531493,-3.688536975146725e-05,2.3362294451488688,,
2026-02-20 21:58:46,244,0.9950099999999958,0.004077909836065556,0.00012102997247269201,3.0341336493787674,,
2026-02-20 21:59:07,428,0.8795399999999981,0.0020549999999999956,0.00011671978305531892,2.364209758128424,,
2026-02-20 21:59:27,72,0.5594999999999998,0.00777083333333333,0.0,0.005017574744002351,,
2026-02-20 21:59:47,547,19.935490000000144,0.03644513711151763,0.00032227488151651007,6.728943540011164,,
2026-02-20 22:00:07,101,0.8145499999999993,0.008064851485148508,4.441697172317248e-07,0.010298514745406783,,
2026-02-20 22:00:28,2642,55.570049999995774,0.021033327024979474,-0.0011496587741690282,21.923433814770267,,
2026-02-20 22:00:48,2912,25.252650000000685,0.008671926510989246,-0.001356128264920534,30.91532210207719,,
2026-02-20 22:01:08,3470,21.27609000000081,0.006131438040346055,-0.00042880921062591037,25.743485258899327,,
2026-02-20 22:01:29,1000,4.106090000000013,0.004106090000000014,0.0005479351975307684,11.659361576358428,,
2026-02-20 22:01:49,2254,10.60994000000037,0.004707160603371947,-0.0007073249389327984,25.306322817854163,,
2026-02-20 22:02:09,4654,39.48641999999728,0.008484404813063447,-0.0008676284441336578,30.37605314341684,,
2026-02-20 22:02:29,2956,16.252500000000587,0.005498139377537411,-0.0011079970062974505,21.634104661774533,,
2026-02-20 22:02:49,2475,8.236699999999797,0.0033279595959595136,0.00012619045741229024,9.21042371062465,,
2026-02-20 22:03:09,4488,16.944700000001202,0.003775557040998485,-0.0006634578458764816,20.178539573316357,,
2026-02-20 22:03:30,5316,21.978320000000636,0.0041343717080512855,-0.001053393423162357,22.560873416651496,,
2026-02-20 22:03:50,1753,5.710169999999693,0.003257370222475581,0.0009391422133469199,18.857162078545027,,
2026-02-20 22:04:10,529,5.364929999999981,0.010141644612476334,6.254080973986212e-05,1.5870320036381624,,
2026-02-20 22:04:31,1957,15.576780000000184,0.007959519672968924,-0.000476769474365221,8.77817945388412,,
2026-02-20 22:04:51,2489,7.56160999999999,0.0030380112494977863,0.00123539495172892,24.120838216001065,,
2026-02-20 22:05:11,1267,2.3016200000000273,0.0018165903709550335,0.00019461024834234244,8.223018915670956,,
2026-02-20 22:05:31,2396,10.30678999999986,0.00430166527545904,-0.001192871687973719,22.33753348954231,,
2026-02-20 22:05:52,886,3.9488800000000257,0.0044569751693002545,0.00017469878979753,6.200335869642718,,
2026-02-20 22:06:12,1685,3.8546800000000374,0.0022876439169139686,0.0009069942944681678,20.065388501560037,,
2026-02-20 22:06:32,1496,5.88544999999992,0.0039341243315507484,0.0004481022601491791,12.848038599402043,,
2026-02-20 22:06:53,915,6.127299999999988,0.0066965027322404246,0.00019435834384692988,6.26743553430287,,
2026-02-20 22:07:13,1548,7.255359999999864,0.004686925064599395,-0.0004255129348795026,8.71020831429621,,
2026-02-20 22:07:34,633,3.720650000000036,0.005877804107425017,7.332885328239603e-05,4.1668379426268105,,
2026-02-20 22:07:54,747,2.510750000000026,0.003361111111111146,0.00031813314295912036,8.280932843077682,,
2026-02-20 22:08:14,1128,13.132470000000156,0.011642260638298011,-0.0003657590637996185,9.913458780023822,,
2026-02-20 22:08:34,931,1.6243200000000362,0.0017447046186896199,-0.00047640451577338964,9.615753445157209,,
2026-02-20 22:08:55,1164,21.92960000000027,0.018839862542955558,-0.00025714170918878095,11.559767710923873,,
2026-02-20 22:09:15,1137,3.5711300000000152,0.0031408355321020363,0.0008543825508289769,15.695574484535744,,
2026-02-20 22:09:35,541,1.2695400000000026,0.002346654343807768,9.651934008122031e-05,5.036745163318963,,
2026-02-20 22:09:55,507,1.642110000000014,0.003238875739644998,1.5614100335657212e-05,3.4706068244407393,,
2026-02-20 22:10:16,1186,1.404830000000023,0.0011845109612141846,0.00024313008798046367,6.53711914043777,,
2026-02-20 22:10:36,1039,2.20684000000001,0.00212400384985564,-0.0008129127654509254,17.334355372331697,,
2026-02-20 22:10:56,967,0.7436300000000013,0.0007690072388831451,0.0005832499251222717,12.035201147202987,,
2026-02-20 22:11:17,310,0.9336099999999974,0.0030116451612903143,0.00011762289920079616,1.923467361207209,,
2026-02-20 22:11:37,253,0.8842199999999962,0.0034949407114624356,8.9359100473451e-05,2.3422381872532707,,
2026-02-20 22:11:57,225,0.6162099999999959,0.002738711111111093,0.0001062995965669271,2.387445846639809,,
2026-02-20 22:12:17,1027,13.948130000000209,0.013581431353456873,-0.0007413422978221208,23.55403465645745,,
2026-02-20 22:12:37,881,5.3246299999998845,0.006043847900113376,-0.000626896850178041,17.29072864642068,,
2026-02-20 22:12:58,642,1.9326800000000193,0.003010404984423706,-0.00015332432441287814,5.28447170897954,,
2026-02-20 22:13:18,2011,7.964969999999774,0.003960701143709485,-0.00032158376430777263,15.247675582230166,,
2026-02-20 22:13:38,156,1.5653200000000043,0.01003410256410259,-7.297535101221855e-06,0.23663930281326948,,
2026-02-20 22:13:59,785,6.968279999999965,0.008876789808917153,-0.0003416462793395046,7.375081645134678,,
2026-02-20 22:14:19,426,2.5051300000000225,0.005880586854460147,0.00021542695357671093,5.234607831956079,,
2026-02-20 22:14:39,218,0.7892200000000019,0.003620275229357807,9.309324114768922e-05,2.38658399140099,,
2026-02-20 22:14:59,68,0.41912000000000016,0.006163529411764708,0.0,0.005037175237731893,,
2026-02-20 22:15:20,560,1.546590000000002,0.0027617678571428606,-7.833997882749347e-05,3.6301826946186324,0.32062126487502274,1
2026-02-20 22:15:40,201,1.3563999999999998,0.0067482587064676604,7.447348364167589e-05,2.1277949918547456,0.3034262252925974,1
2026-02-20 22:16:00,339,1.2798499999999946,0.003775368731563406,-0.0001391060870082735,3.564984987478285,0.3124251199768054,1
2026-02-20 22:16:20,758,0.7480100000000002,0.0009868205804749342,1.4150874538898811e-05,3.7355900427386923,0.290837179437437,1
2026-02-20 22:16:41,987,4.318669999999953,0.004375552178318088,6.688054538783774e-05,4.009441788354296,0.303239479611207,1
2026-02-20 22:17:01,393,0.6888900000000027,0.0017529007633587854,0.00021790577801827663,4.586569867137117,0.28565313707582585,1
2026-02-20 22:17:22,1206,7.129359999999912,0.005911575456052995,0.00043854593951129286,15.549739204308402,0.23454701809243156,1
2026-02-20 22:17:43,585,1.5817800000000075,0.0027038974358974486,-0.0002560163850485998,5.465543433173338,0.28425711081874006,1
2026-02-20 22:18:03,284,3.2903100000000145,0.011585598591549347,8.456658360393252e-05,1.8298495948151916,0.25992346428951557,1
2026-02-20 22:18:24,335,0.645120000000003,0.0019257313432835912,0.0001487233684308179,3.019491814783517,0.3052415902772327,1
2026-02-20 22:18:44,341,0.9855900000000023,0.0028902932551319715,-0.00017370809627087648,3.785024895841229,0.3038360696572371,1
2026-02-20 22:19:04,1165,5.179919999999964,0.004446283261802544,0.0003342265394930214,9.016447288130854,0.285716071612519,1
2026-02-20 22:19:24,306,2.6623400000000026,0.008700457516339877,0.000250474495133186,4.070196255743836,0.27514963023771954,1
2026-02-20 22:19:44,882,5.802040000000001,0.006578276643990931,0.0006329480246115925,15.660078925778668,0.23219698600342392,1
2026-02-20 22:20:05,1420,3.7001900000000805,0.0026057676056338596,-0.0007711310884189758,15.49729471616243,0.20807866743816766,1
2026-02-20 22:20:26,696,3.083670000000004,0.004430560344827592,0.00032604161814862073,7.423093175992994,0.305581500058291,1
2026-02-20 22:20:46,480,0.6519700000000002,0.0013582708333333337,-0.00017687682827267383,4.164601069972438,0.277216750012695,1
2026-02-20 22:21:07,606,0.9566299999999965,0.001578597359735968,-4.448740760873397e-05,3.0170587532758084,0.3011824478451528,1
2026-02-20 22:21:28,442,0.7872299999999955,0.0017810633484162796,3.526415755483008e-05,3.1315554221342112,0.310136696243387,1
2026-02-20 22:21:48,250,0.9097499999999986,0.0036389999999999947,5.4159082783190894e-05,2.147915116523282,0.3278074950551139,1
2026-02-20 22:22:08,387,0.9287399999999961,0.0023998449612403,-0.00019400994300970047,3.836530412184831,0.2969537423402631,1
2026-02-20 22:22:28,311,1.920690000000013,0.006175852090032197,-0.00016205357142856275,4.1752688890183665,0.2930940870156515,1
2026-02-20 22:22:48,872,1.0963000000000054,0.001257224770642208,-0.00016193100340225754,6.4004119675498705,0.2802161845197427,1
2026-02-20 22:23:08,2203,12.288359999999862,0.005578011802087999,-0.001185205385732779,28.206304795529917,0.1343430612531361,1
2026-02-20 22:23:28,2788,11.25671000000006,0.004037557388809204,-0.0003403945834937101,17.213142097880382,0.1939346750966532,1
2026-02-20 22:23:48,921,3.627330000000007,0.0039384690553746,-0.00045828783129529284,8.520721570266362,0.27956964827885117,1
2026-02-20 22:24:09,396,1.1958199999999977,0.003019747474747469,0.00015974345588793204,3.3793787034472973,0.3245788546237277,1
2026-02-20 22:24:29,5174,47.045989999997104,0.009092769617316797,-0.0007680180005523765,19.808182572225984,0.0016183257092380332,1
2026-02-20 22:24:49,672,5.733980000000013,0.008532708333333352,5.656360995814437e-05,3.0194685197514066,0.277534765076512,1
2026-02-20 22:25:09,2776,5.591489999999803,0.0020142255043226957,-6.566381113668282e-05,9.154867624838836,0.19961007099630929,1
2026-02-20 22:25:30,2391,11.520579999999917,0.0048183103304056535,0.00037027872242046875,12.397686326328474,0.1912668520604458,1
2026-02-20 22:25:50,1040,11.75428000000031,0.011302192307692607,-7.161144702952368e-06,4.312230713815145,0.2404469608757781,1
2026-02-20 22:26:10,330,1.0248099999999962,0.003105484848484837,0.0001644090999691483,4.325039972267527,0.31356634679169265,1
2026-02-20 22:26:30,444,0.8661400000000004,0.0019507657657657665,0.00016274123666041695,3.711367869286501,0.3157022216526703,1
2026-02-20 22:26:50,388,1.0022699999999947,0.0025831701030927696,-0.0001157347853874291,3.1716998314774245,0.3132625300138277,1
2026-02-20 22:27:12,1147,1.932240000000048,0.0016846033129904515,0.0006846445270427687,13.806123270204807,0.21424234405760706,1
2026-02-20 22:27:32,689,1.1562500000000104,0.001678156748911481,0.0003280765561649589,5.582297763536399,0.29216637575123167,1
2026-02-20 22:27:52,371,2.444160000000002,0.006588032345013482,0.00012725374351766822,2.618029345290621,0.30568418315718215,1
2026-02-20 22:28:12,711,2.3911200000000146,0.003363037974683565,6.317181512001362e-05,4.746218903180268,0.32825004578341993,1
2026-02-20 22:28:33,1420,2.4574299999999973,0.0017305845070422516,-7.121279410844986e-05,6.650167233721899,0.27935732383051654,1
2026-02-20 22:28:53,432,1.760140000000004,0.004074398148148158,0.0002878512470575253,6.1875185500863275,0.2975961940488284,1
2026-02-20 22:29:13,886,4.864929999999952,0.005490891647855476,0.0005295116740567864,9.692767388121242,0.2781766879625095,1
2026-02-20 22:29:33,638,5.158889999999912,0.008086034482758481,0.0003644327889469072,8.185053982321437,0.2778895027304107,1
2026-02-20 22:29:53,776,13.410140000000082,0.017281108247422787,0.0002077462876138992,8.598290504402234,0.18292842573355905,1
2026-02-20 22:30:13,2249,11.286320000000048,0.005018372610048932,-0.0003064960802723027,15.392366460949175,0.21145307933797913,1
2026-02-20 22:30:33,1557,2.9489100000000548,0.0018939691714836575,-0.0002464626801030153,5.017207842229344,0.2398771560715337,1
2026-02-20 22:30:54,1235,2.5436100000000335,0.0020596032388664237,-0.0002447370007657377,6.1668075895736845,0.2767622063147815,1
2026-02-20 22:31:14,1843,3.964170000000082,0.0021509332609875647,-0.0003841703929706186,10.209675521572285,0.23078301069104323,1
2026-02-20 22:31:35,2536,9.0722299999997,0.003577377760252247,-0.0006198245543474948,22.12988689532412,0.19039931580036373,1
2026-02-20 22:31:55,1222,2.514410000000023,0.0020576186579378255,-0.0004997743339273414,10.421852894391924,0.2520149876130338,1
2026-02-20 22:32:15,4916,28.498240000000887,0.005797038242473736,-0.001767607024258238,42.819116686509105,0.013385901768677821,1
2026-02-20 22:32:35,3390,27.87811000000023,0.008223631268436647,-3.1372206882651504e-06,15.744674352975572,0.1128867956546451,1
2026-02-20 22:32:55,1783,9.504049999999802,0.005330370162647113,0.00010278163250404376,4.310893284359033,0.2347667556209168,1
2026-02-20 22:33:15,6493,41.51817999999829,0.006394298475280808,-0.0005464195181408471,15.563246311781965,0.022124748998710198,1
2026-02-20 22:33:36,2249,12.327199999999957,0.0054811916407291935,0.0004326816156794415,16.618292189091385,0.1976879339390032,1
2026-02-20 22:33:56,1290,4.509990000000025,0.003496116279069787,-0.00010831037900266608,7.941496439788229,0.30127353631015436,1
2026-02-20 22:34:16,1892,3.8531600000001043,0.002036553911205129,-0.0009563721864077828,19.007065730022713,0.16059855021896208,1
2026-02-20 22:34:36,1572,6.131149999999853,0.003900222646310339,-6.206442736210001e-05,6.421693475783174,0.28543751998715655,1
2026-02-20 22:34:57,2994,9.592500000000415,0.003203907815631401,9.362587280693001e-05,13.654588048239827,0.17643343155560332,1
2026-02-20 22:35:17,4391,32.857110000000596,0.007482830790252926,-0.000417239186625767,16.026423921213325,0.06814907204948195,1
2026-02-20 22:35:37,3952,5.941359999999938,0.0015033805668016038,-2.9622882749277686e-05,23.045536609985703,0.12175668359946001,1
2026-02-20 22:35:57,1987,9.293639999999922,0.004677221942627037,0.00022681623172365363,6.90653113553515,0.24331754905942016,1
2026-02-20 22:36:17,3614,49.539369999996914,0.013707628666296877,0.00014673896215612145,12.17295289832481,0.027578439360003926,1
2026-02-20 22:36:38,1893,6.947219999999833,0.0036699524564182953,-0.00028790122400644536,6.923832639661275,0.2556989487524287,1
2026-02-20 22:36:58,1741,8.214659999999755,0.004718357265938975,4.443183796990202e-05,8.143999131555903,0.25637691795885625,1
2026-02-20 22:37:18,1794,3.4653900000000744,0.0019316555183946902,0.0002522180150980843,9.969330995866379,0.23777321952946284,1
2026-02-20 22:37:38,2423,7.958169999999673,0.003284428394552073,-6.01222365831557e-05,11.464934363200632,0.2149169470029234,1
2026-02-20 22:37:58,1335,6.950569999999845,0.005206419475655315,0.0005191463445278058,10.629739122781087,0.2541556127528464,1
2026-02-20 22:38:18,3714,114.53054999999921,0.030837520193860855,-0.0006762891874753939,49.62219289985861,-0.047520898870442085,-1
2026-02-20 22:38:38,10415,259.3171600000078,0.024898431108978183,-0.0019313616421196386,112.61885073740112,-0.07974938952321275,-1
2026-02-20 22:38:58,7585,181.64077999998722,0.023947367172048414,-0.000409321928474511,68.980116608964,-0.06763694434906664,-1
2026-02-20 22:39:18,13650,323.6359400000107,0.023709592673993456,-0.001653851938117874,104.47449751284464,-0.07846539614067827,-1
2026-02-20 22:39:38,15397,378.8728900000315,0.024606929271938135,-0.0010559831787631535,64.0214765674548,-0.07462615927472305,-1
2026-02-20 22:39:58,13956,335.35349000002066,0.02402934150186448,-5.232123615228916e-05,73.34144534267827,-0.06637300854881734,-1
2026-02-20 22:40:18,8072,234.58304999999555,0.02906132928642165,0.00040370652204788315,74.48444646637228,-0.06826969821346263,-1
2026-02-20 22:40:38,3372,38.25211999999814,0.011344045077105024,0.00015239968636324025,14.931995873124718,0.06154452564935187,1
2026-02-20 22:40:58,4612,119.64896999999823,0.02594296834345148,-0.0008887124354071722,82.66810859360571,-0.05944387433146692,-1
2026-02-20 22:41:18,9434,136.04864999998745,0.014421099215601807,0.0007401494768039898,25.788748124024334,-0.034714824144065126,-1
2026-02-20 22:41:38,3499,32.40870000000059,0.009262274935696082,0.0009713572113164107,16.50567912561844,0.04766002103557321,1
2026-02-20 22:41:58,2651,18.245380000000676,0.006882451904941787,-0.0007078035567353863,12.806952266004938,0.16807653697575387,1
2026-02-20 22:42:19,4504,29.452250000000898,0.00653913188277107,0.00042657564783452263,27.03848179116683,0.0584713787056389,1
2026-02-20 22:42:39,2591,18.06131000000053,0.006970787340795265,-0.0005255202485250475,13.133536930887727,0.1727298862023593,1
2026-02-20 22:42:59,2794,16.175240000000617,0.0057892770221906285,0.00032758974343566376,23.571035334461115,0.16853408452191698,1
2026-02-20 22:43:19,1589,16.69338000000021,0.010505588420390316,0.0006474538614013969,15.369808236640733,0.1546597632367368,1
2026-02-20 22:43:40,2358,19.662000000000358,0.008338422391857657,-0.0002784801917265248,10.719013165151416,0.17046301698721644,1
2026-02-20 22:44:00,2072,21.28239000000024,0.010271423745173862,0.0004006426500320014,16.157778098269382,0.139470163314932,1
2026-02-20 22:44:20,1458,7.005999999999905,0.004805212620027369,-0.0002611840825412878,5.1934024986225,0.2565530205112068,1
2026-02-20 22:44:40,1797,15.261640000000341,0.008492843628269528,0.00031620539116675395,8.29474659920253,0.18640084534236756,1
2026-02-20 22:45:00,1619,8.722429999999788,0.005387541692402587,3.0019509679340604e-05,6.526595411694379,0.2649278970198289,1
2026-02-20 22:45:21,2624,10.03062999999996,0.003822648628048765,0.0005798093368363558,11.716601651469848,0.18028754551198944,1
2026-02-20 22:45:41,2554,19.90052000000033,0.007791902897415948,0.0006753272156868533,11.523810421415487,0.11820524983084213,1
2026-02-20 22:46:01,2295,24.97509000000061,0.01088239215686301,9.998650856703374e-05,9.779644749978939,0.14397232926278736,1
2026-02-20 22:46:21,2538,13.141080000000308,0.005177730496454022,0.0006337340787055366,9.232408357563939,0.1488163311923707,1
2026-02-20 22:46:41,971,9.317360000000146,0.009595633367662355,-0.00015713484311592383,3.9774249798465866,0.24764295939830133,1
2026-02-20 22:47:02,1866,18.724990000000403,0.010034828510182423,-0.0006626469381757819,17.834028361101197,0.16814370191850847,1
2026-02-20 22:47:22,2765,16.781010000000162,0.006069081374321939,-0.00012892928873146426,13.356029583577914,0.1772362120119063,1
2026-02-20 22:47:42,806,5.799939999999947,0.007195955334987528,0.00027678390299176785,8.68356433883555,0.287131083413707,1
2026-02-20 22:48:02,1352,6.29184999999985,0.004653735207100481,0.000362747455221631,8.204375893058751,0.2685539037270826,1
2026-02-20 22:48:22,1071,3.869780000000061,0.003613239962651784,-0.00015973081312279272,7.486708739569922,0.295645513903201,1
2026-02-20 22:48:43,1162,3.792160000000046,0.0032634767641996957,-9.156691218389306e-05,8.047691837346697,0.3026967150044174,1
2026-02-20 22:49:03,881,8.69659999999999,0.009871282633371158,0.0003952275338550578,7.131531917997263,0.2399081486025545,1
2026-02-20 22:49:23,1677,7.346469999999812,0.004380721526535368,0.0003122218057266709,7.2122560062140195,0.25577044308138136,1
2026-02-20 22:49:43,911,9.749040000000072,0.010701470911086797,8.372241541132059e-05,2.2604067888152923,0.23850223714523255,1
2026-02-20 22:50:03,1209,4.406259999999954,0.0036445492142265956,0.0003302190902574639,6.227003713152047,0.28781511969065626,1
2026-02-20 22:50:23,1454,4.247290000000024,0.0029211072902338544,-0.0005263796131198015,11.154099027283884,0.2541623465192582,1
2026-02-20 22:50:44,1191,6.502189999999934,0.005459437447523034,-0.0001295671483617871,6.652750462631684,0.28769431139749185,1
2026-02-20 22:51:04,1636,7.7409099999998014,0.0047316075794619815,-1.0486561471648705e-05,7.587828821445169,0.26986378192536925,1
2026-02-20 22:51:24,1490,7.462889999999928,0.005008651006711361,9.902414031766499e-05,6.613376680353627,0.27323349563177673,1
2026-02-20 22:51:44,1041,4.573760000000024,0.004393621517771396,-0.00019473318632475716,7.110746957400255,0.2977129164971003,1
2026-02-20 22:52:04,996,7.909859999999791,0.007941626506023886,0.00015671583538614202,4.3102526413344755,0.2764838272114718,1
2026-02-20 22:52:25,1463,5.217999999999883,0.003566643882433276,0.0003688087283333537,7.047137179815665,0.26922456955045554,1
2026-02-20 22:52:45,2676,10.262659999999828,0.0038350747384154815,0.0010083843852261433,21.771094833097344,0.12728369155685815,1
2026-02-20 22:53:05,2076,7.337849999999772,0.0035346098265894854,0.00028647328498255777,11.298578560761877,0.23880342367965357,1
2026-02-20 22:53:25,1070,4.8058499999999515,0.004491448598130796,-0.00031495558991604056,9.346591848507128,0.28448298079322565,1
2026-02-20 22:53:45,2821,6.3933999999998505,0.0022663594470045552,0.0013309796470966806,26.668936121417484,0.06560647391227936,1
2026-02-20 22:54:05,1230,2.27203000000004,0.0018471788617886503,-0.0007186169447486031,16.128522224407725,0.195919681955942,1
2026-02-20 22:54:25,2087,11.578250000000391,0.005547795879252703,0.0007174892451365873,15.529602116768634,0.18351910519767178,1
2026-02-20 22:54:45,1514,9.539550000000123,0.006300891677675114,8.94911271565119e-05,4.724325632251447,0.2528752160741418,1
2026-02-20 22:55:05,1439,6.165509999999898,0.004284579569145169,-8.544966917385503e-05,5.561170407755802,0.27838009932138313,1
2026-02-20 22:55:25,9119,403.04905000002145,0.044198821142671506,-0.0019181504481934203,87.38650629326075,-0.09074967960185498,-1
2026-02-20 22:55:45,14993,469.5699700000281,0.03131928033082292,-0.00042511228053591585,96.30236198908452,-0.07080596357535285,-1
2026-02-20 22:56:06,14381,326.90292000001904,0.02273158472985321,0.00123125341058095,84.96341089967092,-0.07526470722522538,-1
2026-02-20 22:56:26,13925,359.54420000002733,0.025820050269301783,-0.0012280940536676143,94.73568936947137,-0.07782419700457421,-1
2026-02-20 22:56:46,2912,89.01118999999665,0.030567029532965882,0.0013827994365773139,32.90950179558151,-0.05694520787626223,-1
2026-02-20 22:57:06,5333,167.03324999999785,0.031320691918244485,-0.000716166551418028,102.35359822715182,-0.07271368719253224,-1
2026-02-20 22:57:26,15901,454.83297000004177,0.028604048173073503,-0.0009493873578236729,64.9281386017772,-0.07271368719253224,-1
2026-02-20 22:57:46,13582,465.14492000005214,0.0342471594757806,0.0007199072479051039,58.67087551269037,-0.07144134456889928,-1
2026-02-20 22:58:06,13320,379.4838400000484,0.028489777777781413,-0.000674483752740149,56.27404768404863,-0.07271368719253224,-1
2026-02-20 22:58:26,8906,295.18119000000166,0.033144081518077885,-0.000640637827828689,60.84814235861607,-0.07335064969630878,-1
2026-02-20 22:58:46,3743,111.67231999999653,0.02983497729094217,0.00024236040145791325,8.84767871705899,-0.016836724768077294,-1
2026-02-20 22:59:06,1130,16.498560000000037,0.014600495575221271,0.0004944932186248922,8.957427119454561,0.1558724505155169,1
2026-02-20 22:59:27,3000,37.28948999999813,0.012429829999999377,0.00024397915168933616,14.319727562079736,0.07035440427855078,1
2026-02-20 22:59:47,924,10.854420000000008,0.0117472077922078,0.00016021729658014067,8.772756558588942,0.2405148386839635,1
2026-02-20 23:00:07,1464,12.232569999999908,0.008355580601092833,-0.0003066098220841185,9.95027018820567,0.23102682437445943,1
2026-02-20 23:00:28,2102,15.874940000000207,0.007552302568982021,0.0007702039640268925,15.091052134575852,0.15157532477696112,1
2026-02-20 23:00:48,2587,21.923750000000688,0.00847458446076563,-0.00031185490067850153,12.758332852831806,0.15877244752428865,1
2026-02-20 23:01:08,1395,11.317070000000186,0.008112594982078987,0.0005149305921463615,17.062548314449643,0.19940510966314517,1
2026-02-20 23:01:28,1392,5.722419999999778,0.004110933908045817,7.8247109158247e-05,9.892220222849573,0.28874232660756777,1
2026-02-20 23:01:49,735,3.7935800000000155,0.0051613333333333546,-0.000300696718785306,6.6519564461399465,0.2909099583502603,1
2026-02-20 23:02:09,1542,7.618569999999851,0.004940706874189267,-0.00044773890357239756,14.343588132091691,0.25057477310435994,1
2026-02-20 23:02:29,1141,5.283470000000034,0.004630560911481187,0.00022546685562362651,5.546912434360269,0.2901229526762885,1
2026-02-20 23:02:49,1594,4.403669999999979,0.002762653701380162,0.0008389487769758764,14.7654767571726,0.20434527913260625,1
2026-02-20 23:03:09,400,2.5333400000000106,0.006333350000000027,4.800656837521471e-05,2.743066793952885,0.3083743356364406,1
2026-02-20 23:03:29,931,5.8060099999999135,0.006236315789473592,6.400567556867226e-05,2.4562856504056274,0.2863897488047914,1
2026-02-20 23:03:50,2800,13.122950000000449,0.004686767857143018,0.00028710988757101426,12.925771181351928,0.18177679260733515,1
2026-02-20 23:04:10,1045,3.7268000000000487,0.0035663157894737308,7.220535022213603e-05,6.343749708311053,0.30779315119693584,1
2026-02-20 23:04:30,743,4.0375100000000215,0.005434064602960998,-0.00029956330128337084,7.5636688021596425,0.29219246916605013,1
2026-02-20 23:04:50,562,2.234930000000009,0.0039767437722420095,0.000241038294884484,5.8432227841648805,0.3095053702874987,1
2026-02-20 23:05:11,1129,6.1292899999999255,0.005428954827280713,-0.0001505379076724617,5.643373299439066,0.2782392017405434,1
2026-02-20 23:05:31,438,2.5499200000000153,0.0058217351598173865,-1.495139524889709e-07,3.433624573277815,0.31354387626626734,1
2026-02-20 23:05:51,731,12.15396000000002,0.01662648426812588,0.00015041103628266557,3.8378632844181775,0.18172691198449675,1
2026-02-20 23:06:11,421,4.2481599999999435,0.010090641330166137,-2.825388311502227e-05,2.941368435216244,0.2787217036196358,1
2026-02-20 23:06:31,383,2.7075500000000177,0.007069321148825111,-1.0016209815568772e-05,2.047350210082,0.30268249852031226,1
2026-02-20 23:06:51,1242,11.524120000000128,0.009278679549114434,0.00012318568343170854,5.3597605867286395,0.24173310675568627,1
2026-02-20 23:07:12,3393,50.98057999999795,0.015025222516946051,0.0011342447750450103,33.169369534859015,-0.037251254250699195,-1
2026-02-20 23:07:32,1983,8.03551999999964,0.004052203731719435,-0.00026547211184108397,13.771047853251083,0.23839053691505263,1
2026-02-20 23:07:52,1078,4.77516,0.00442964749536178,0.00042937844669546616,6.531155754702925,0.2740558161719334,1
2026-02-20 23:08:12,1346,4.5338999999999805,0.003368424962852883,-4.478547756247574e-05,5.296685951181248,0.2959814642791494,1
2026-02-20 23:08:32,695,3.632650000000041,0.005226834532374159,0.0,4.2496490508678955,0.32305515077403185,1
2026-02-20 23:08:53,927,6.474969999999998,0.006984865156418552,-0.00019422835731023078,7.4634670318815814,0.28149273475323333,1
2026-02-20 23:09:13,1302,4.987759999999973,0.00383084485407064,0.00014364640883970947,7.618242954524308,0.30235149196048466,1
2026-02-20 23:09:33,820,4.8158100000000115,0.005872939024390258,0.00027336677535144904,10.672564494369338,0.2945016677184463,1
2026-02-20 23:09:53,715,5.335559999999897,0.007462321678321534,-7.836062994782078e-05,3.6399953870697956,0.2877242120269084,1
2026-02-20 23:10:13,841,2.0089800000000326,0.002388799048751525,-0.0002961517586697011,7.655957341525489,0.286455004057605,1
2026-02-20 23:10:34,550,1.8267000000000138,0.003321272727272752,0.0001997824491564881,6.592910455044619,0.31667474408620266,1
2026-02-20 23:10:54,502,3.4375500000000176,0.006847709163346648,-4.806958086760763e-05,3.467381090733959,0.3032699300836756,1
2026-02-20 23:11:15,1170,8.63093000000003,0.007376863247863273,-9.15157577296427e-05,6.910534466438947,0.27405387297968775,1
2026-02-20 23:11:35,796,4.4766599999999945,0.0056239447236180835,3.7923539872916564e-05,4.396981684431182,0.3090438640594871,1
2026-02-20 23:11:55,530,4.299660000000004,0.008112566037735856,-2.6724634738346377e-05,2.51645985423019,0.2913784142911111,1
2026-02-20 23:12:15,599,3.1691400000000183,0.005290717863105206,-0.00017796992159018892,4.822372636868131,0.3070085446923062,1
2026-02-20 23:12:36,629,4.235349999999983,0.006733465818759909,0.00017800157394006565,4.493974364657316,0.31138634895729367,1
2026-02-20 23:12:56,1302,10.721069999999886,0.00823430875576028,-0.0005773570335882084,12.176363400256943,0.23270204751784845,1
2026-02-20 23:13:16,1947,14.197140000000116,0.0072918027734977485,-0.0007653243388675698,16.559892091836556,0.18660177653570598,1
2026-02-20 23:13:36,787,4.07957999999998,0.005183710292249021,-1.8090019825860427e-05,5.073871800519456,0.3184408743072709,1
2026-02-20 23:13:56,575,4.745170000000004,0.008252469565217399,0.00017507269777916924,3.282187743961136,0.2888866367132478,1
2026-02-20 23:14:17,993,8.297659999999944,0.008356153071500446,-0.00010314175773277943,7.294521232872053,0.27919275508495084,1
2026-02-20 23:14:37,799,5.515529999999913,0.006903041301626925,0.0004329410751647874,9.25166170801999,0.2663667368495533,1
2026-02-20 23:14:57,230,2.4154,0.010501739130434782,9.653277003632387e-05,2.80517625809768,0.28111627272319023,1
2026-02-20 23:15:18,2188,6.240359999999689,0.0028520840950638435,0.00044959608072941406,14.823893486474985,0.2049197854039681,1
2026-02-20 23:15:38,2139,7.983079999999667,0.003732155212716067,-0.0009111841166912286,16.877738667203094,0.19084710370829716,1
2026-02-20 23:15:58,1263,5.01613999999998,0.0039716072842438475,-0.00023469367467677136,8.27445519668223,0.2936799669579246,1
2026-02-20 23:16:18,1750,5.613709999999998,0.003207834285714285,0.0,6.297332587832152,0.27713745513397814,1
2026-02-20 23:16:39,502,2.1370200000000135,0.004257011952191262,4.47069311144726e-05,1.9504982103157056,0.3156539549519966,1
2026-02-20 23:16:59,869,5.155119999999839,0.005932243958572888,0.00011064098659456132,3.8757909167804514,0.300274666539198,1
2026-02-20 23:17:19,701,1.103520000000002,0.0015742082738944394,-3.3786622231916055e-05,4.9566209293526935,0.30503548859110496,1
2026-02-20 23:17:39,773,1.5610600000000256,0.002019482535575712,2.9302662416082302e-05,3.548757600619513,0.30589769433261205,1
2026-02-20 23:17:59,505,1.1454700000000022,0.0022682574257425784,-0.0002060095897613359,4.786607058352014,0.298438870550694,1
2026-02-20 23:18:19,1747,2.725480000000023,0.001560091585575285,0.0004834297825343795,8.796074970857877,0.22353019910952654,1
2026-02-20 23:18:40,829,4.9068099999999495,0.005918950542822617,-0.00027305890539703205,9.093780699180195,0.29147826038635427,1
2026-02-20 23:19:00,1432,4.989489999999961,0.003484280726256956,0.0004867665574630862,12.012841067863725,0.26461908998235495,1
2026-02-20 23:19:20,1090,3.798040000000011,0.0034844403669724872,0.00014509225087827658,6.510609838731415,0.3078997443978214,1
2026-02-20 23:19:41,2392,111.91629999999884,0.04678775083611992,-0.0006508035541403667,36.39036550597861,-0.0458704976251052,-1
2026-02-20 23:20:01,9624,371.73686000002715,0.03862602452203109,-0.001929612715500559,48.35166755648105,-0.09074967960185498,-1
2026-02-20 23:20:21,7262,313.9739699999934,0.043235192784356016,0.0002914919113242421,52.23030499488719,-0.07910712683333687,-1
2026-02-20 23:20:41,8315,210.38152000000156,0.025301445580276798,-0.00044130329276349697,37.71065305052921,-0.06890297663325051,-1
2026-02-20 23:21:01,11360,513.4590200000433,0.04519885739437001,-0.0007075655430711,52.63585995319732,-0.08361416232719099,-1
2026-02-20 23:21:21,11129,425.3782700000199,0.03822250606523676,-0.000670287106560386,50.55193798516011,-0.0842601613668591,-1
2026-02-20 23:21:41,5488,158.74584999999706,0.028925993075801213,0.0013066688869535078,34.01491443974255,-0.0823237690809282,-1
2026-02-20 23:22:01,4862,98.6354499999947,0.02028701151789278,0.0028496452551235807,63.764307409908,-0.06635806584623916,-1
2026-02-20 23:22:21,1888,9.871060000000064,0.005228315677966135,-0.0007356352062102496,16.987709948709586,0.2065902458234236,1
2026-02-20 23:22:42,1170,5.006100000000009,0.004278717948717956,0.0005104198764137938,10.390779433782257,0.2669801366070543,1
2026-02-20 23:23:02,2282,8.637709999999984,0.0037851489921121753,0.0004015227079993775,9.759429570079226,0.2106722443323616,1
2026-02-20 23:23:22,1105,8.96809999999999,0.008115927601809946,0.00031935700797421757,8.319007731239292,0.25859380406170346,1
2026-02-20 23:23:42,1105,11.462490000000285,0.010373294117647317,3.120875386128452e-05,5.5202273360164,0.23742595888383083,1
2026-02-20 23:24:02,774,7.67404999999988,0.009914793281653593,-0.0002883360382568268,7.9861902093044534,0.25416386679224906,1
2026-02-20 23:24:23,1696,3.636170000000078,0.0021439681603774045,-0.00031679814312363347,10.387288724505773,0.24284787331700092,1
2026-02-20 23:24:43,547,8.444249999999968,0.015437385740402135,0.00023621719012723044,6.302762984389385,0.2166889511381241,1
2026-02-20 23:25:03,651,3.2396000000000296,0.004976344086021551,-4.481240407388227e-06,3.2507709848940993,0.311155649859367,1
2026-02-20 23:25:24,1345,5.367629999999921,0.003990802973977636,0.00042168661201016537,9.150583503147118,0.27308243665732695,1
2026-02-20 23:25:44,1975,9.64919999999992,0.004885670886075909,0.000939473396194808,17.511171155356738,0.16794963187594547,1
2026-02-20 23:26:04,2015,8.920609999999886,0.004427101736972648,0.0003072947751982957,9.000333316803324,0.2345811208769376,1
2026-02-20 23:26:25,850,5.326420000000019,0.006266376470588258,-0.00013719628359145335,8.87140457022264,0.2999527312651291,1
2026-02-20 23:26:45,640,2.6258100000000195,0.0041028281250000305,6.577375439258221e-05,3.7610748864380352,0.3237341746932671,1
2026-02-20 23:27:05,1417,9.686270000000084,0.006835758645024759,0.0003397341453548125,11.242575931159642,0.2465543337044021,1
2026-02-20 23:27:26,1062,2.6182600000000162,0.002465404896421861,-0.00022228778709755052,4.1043490012488775,0.2783915250896795,1
2026-02-20 23:27:46,517,2.2585100000000033,0.004368491295938111,-4.175346665617229e-05,2.736107007918771,0.32684604844425996,1
2026-02-20 23:28:07,1131,3.146760000000051,0.0027822811671087983,-8.231742643519872e-05,2.828482019254017,0.28184779885275096,1
2026-02-20 23:28:28,471,2.013700000000011,0.004275371549893867,0.00022833035330651241,3.2609407444100706,0.3055166550858847,1
2026-02-20 23:28:48,444,1.3356000000000001,0.003008108108108108,-7.9025134018253e-06,2.2696595795859213,0.3251677707772113,1
2026-02-20 23:29:09,842,2.194500000000024,0.0026062945368171306,-0.0003384688147957041,7.257986446202707,0.27969897194844506,1
2026-02-20 23:29:29,1675,6.111719999999764,0.0036487880597013515,0.00020255342607637826,12.627885796459344,0.27185046305736954,1
2026-02-20 23:29:49,2143,114.26606999999876,0.053320611292579916,-0.0005571328891679942,54.153589719801964,-0.045256297403271084,-1
2026-02-20 23:30:09,10853,358.24777000002564,0.03300910070948361,-0.0012206758405108556,45.34143623209768,-0.07974938952321275,-1
2026-02-20 23:30:29,8695,255.73910999998665,0.02941220356526586,0.00047790178558076177,38.6531221272784,-0.06763694434906664,-1
2026-02-20 23:30:49,11718,477.24900000002197,0.040727854582695164,-0.0015042459784115273,60.2124803600729,-0.09074967960185498,-1
2026-02-20 23:31:10,10331,384.93669000000324,0.03726035136966443,-0.0006370600248123107,45.94181902338467,-0.0842601613668591,-1
2026-02-20 23:31:30,8439,104.32713999998849,0.012362500296242267,0.0031398952550214633,84.07644858926687,-0.06511116576083364,-1
2026-02-20 23:31:50,4367,70.8002199999977,0.016212553240210145,0.0005716261600713224,15.7739638393532,-0.012748915067854916,-1
2026-02-20 23:32:10,6929,37.71756999999802,0.005443436282291532,0.0009772623623687104,44.30805635835293,-0.014643171705195135,-1
2026-02-20 23:32:30,4812,15.431850000000516,0.0032069513715711796,-0.0008933479831678215,24.786475441066393,0.09194686431602472,1
2026-02-20 23:32:50,3728,27.460580000000466,0.007366035407725447,0.0004253086208104393,17.014697807237955,0.09254128001751094,1
2026-02-20 23:33:10,2513,7.9632799999996315,0.0031688340628729136,0.0004920336591554407,8.96998172391803,0.18476757387513287,1
2026-02-20 23:33:30,2650,15.81825000000013,0.0059691509433962755,-0.0006152608826781598,20.021983250386356,0.1822593757610853,1
2026-02-20 23:33:50,2727,14.382059999999973,0.005273949394939484,0.0013153317971401706,22.408864638778994,0.09810672323333602,1
2026-02-20 23:34:10,4809,92.977509999991,0.0193340632148037,-0.0005255309671094066,21.424276891856948,-0.028286935739346375,-1
2026-02-20 23:34:30,2542,5.902309999999858,0.0023219158143193775,-0.0005917751885669932,11.644440063783321,0.18952226621982404,1
2026-02-20 23:34:51,3859,14.781339999999675,0.003830355014252313,-0.0013122422953259914,25.542926055006017,0.10249781009958714,1
2026-02-20 23:35:11,2600,9.529079999999809,0.0036650307692306957,0.0011124029799150937,24.65776516848171,0.10945258965561189,1
2026-02-20 23:35:31,3341,11.026970000000091,0.0033004998503442357,0.0004433638784965389,23.64326703325283,0.13712935944263582,1
2026-02-20 23:35:51,3062,12.119080000000258,0.00395789679947755,0.001370467235480086,31.75122122144008,0.04486358230170273,1
2026-02-20 23:36:12,4387,45.69745999999445,0.010416562571231924,6.515686217054551e-05,31.164829142737492,-0.003865589099199096,-1
2026-02-20 23:36:32,2242,7.32030999999966,0.0032650802854592596,-0.00026700672961079477,8.827364320385533,0.2309966511976866,1
2026-02-20 23:36:52,2935,21.083430000000646,0.007183451448041106,-0.0004777662382492803,11.14800433077708,0.14646218751452744,1
2026-02-20 23:37:12,3068,24.941190000000077,0.008129462190352045,-0.0003477407051187191,18.546399474655743,0.13717947645575945,1
2026-02-20 23:37:32,3523,10.944649999999873,0.0031066278739710113,-4.839684339406914e-05,16.83445003543662,0.17100061588523396,1
2026-02-20 23:37:52,3639,23.365590000001095,0.00642088211047021,-0.0015304569419931065,41.9129186360898,0.04107978491537634,1
2026-02-20 23:38:13,2564,14.235239999999981,0.005551965678627138,0.0006572990245216003,22.987174951059735,0.14964976660584273,1
2026-02-20 23:38:33,2050,6.581959999999729,0.003210712195121819,-7.840076743313743e-05,13.352380092244061,0.2454304528202388,1
2026-02-20 23:38:53,3514,10.993810000000524,0.0031285742743313956,0.0008738006482401657,29.923590866225954,0.07912977698281753,1
2026-02-20 23:39:14,1949,4.468229999999998,0.0022925756798358125,-0.0005663872757516522,10.62084151075063,0.21767630792915293,1
2026-02-20 23:39:34,2456,4.2067100000000694,0.001712829804560289,-0.0012419004146075221,23.816640590672634,0.12146347806574997,1
2026-02-20 23:39:54,2881,11.227810000000394,0.003897191947240678,0.0007194492557758655,17.173100520858064,0.14825786201990454,1
2026-02-20 23:40:14,4267,5.264809999999843,0.0012338434497304528,0.00044638783678131895,11.958740659189747,0.11960881505664711,1
2026-02-20 23:40:34,1889,3.5902800000000576,0.00190062466913714,0.00045200074036919123,16.92987411333494,0.18818001966101894,1
2026-02-20 23:40:55,2858,6.850949999999898,0.002397113365990167,-0.0006357623785972861,30.390160197171543,0.11120894076458399,1
2026-02-20 23:41:15,1561,3.5337600000000746,0.0022637796284433534,-5.9621999504243074e-05,8.737160902308071,0.2664068816513089,1
2026-02-20 23:41:35,2826,4.93066999999989,0.0017447523000707324,-0.00033017650803847474,19.282818966361603,0.1643275300892445,1
2026-02-20 23:41:55,2647,5.550789999999766,0.0020970117113712754,-0.0005544025797761606,16.263583038771547,0.18565375081980962,1
2026-02-20 23:42:16,3930,11.402480000000338,0.0029013944020357093,0.0015956496875316139,36.71865755356219,0.017809494097129286,1
2026-02-20 23:42:36,2341,6.918899999999652,0.0029555318240066858,-4.006961686299778e-05,10.029191536561244,0.22231666457089239,1
2026-02-20 23:42:56,3070,18.41112000000033,0.005997107491856785,0.001556967863182329,31.825749149088168,0.03504743402273358,1
2026-02-20 23:43:16,1797,2.8252700000000903,0.0015722148024485756,-0.0013808290536903118,27.479348959158365,0.08118869362988979,1
2026-02-20 23:43:37,1553,3.6648900000000695,0.002359877656149433,-0.0002101526831478486,6.714035320418262,0.2598270332668149,1
2026-02-20 23:43:58,2607,8.244269999999794,0.0031623590333716128,-0.001196528102098274,19.732461712850984,0.16230129951781957,1
2026-02-20 23:44:18,1087,5.144639999999983,0.004732879484820591,-0.00029799888824632914,10.09689423450664,0.2881216028245683,1
2026-02-20 23:44:39,1261,3.947120000000069,0.0031301506740682543,0.0,7.827657800107013,0.3017205981671012,1
2026-02-20 23:45:00,907,3.483080000000031,0.0038402205071665168,0.0005678288409309061,14.749367537854557,0.25684455149103513,1
2026-02-20 23:45:20,1805,7.781439999999651,0.004311047091412549,-0.0002873318989105256,15.704856237080572,0.23666800371663776,1
2026-02-20 23:45:40,1655,3.8773400000000677,0.0023428036253776846,8.904330353342568e-05,8.365716697718279,0.2581151600586444,1
2026-02-20 23:46:00,1494,4.169410000000011,0.002790769745649271,-0.0002144604187795242,10.825580618743349,0.2697016063373804,1
2026-02-20 23:46:20,2373,5.137069999999918,0.002164799831436965,-0.0005022553008295679,15.90069380955568,0.18841082479235116,1
2026-02-20 23:46:40,1721,4.724190000000047,0.0027450261475886386,5.0146297345165204e-05,11.868475812585832,0.25183284558376345,1
2026-02-20 23:47:00,3147,12.08368000000017,0.003839745789640982,-0.0012110618975749688,30.51335210528525,0.08083344029793893,1
2026-02-20 23:47:20,3599,9.017129999999971,0.0025054542928591196,0.0002737345157707006,19.127280957261856,0.14117565184926562,1
2026-02-20 23:47:40,2145,9.56630999999993,0.004459818181818149,0.0003217591652068722,10.922471312834292,0.21882287816749313,1
2026-02-20 23:48:01,2688,4.829639999999929,0.001796741071428545,-0.0008692468209997607,21.917541071294043,0.1530675409176112,1
2026-02-20 23:48:21,1802,4.108880000000067,0.002280177580466186,0.0007350413554173507,20.854312914852258,0.16098407030275175,1
2026-02-20 23:48:41,1623,2.9877800000000563,0.001840899568699973,-0.00016249241863848762,8.699283475592438,0.25419614296650195,1
2026-02-20 23:49:01,2720,3.140430000000138,0.0011545698529412272,-9.425493045916376e-05,12.845761041910498,0.1773352037251389,1
2026-02-20 23:49:21,1536,6.374740000000003,0.004150221354166668,0.0004076797970236858,9.908419246351976,0.2560119321990963,1
2026-02-20 23:49:41,1214,2.771070000000048,0.0022825947281713737,-0.0001336477564797075,3.9943191976789856,0.28439790845960494,1
2026-02-20 23:50:01,1969,5.1425199999998545,0.00261174200101567,0.0004856766459874181,12.748204568341345,0.21419259518520128,1
2026-02-20 23:50:21,3039,4.703049999999999,0.0015475649884830534,-0.00012210659248705627,12.282798710924679,0.17788370227846517,1
2026-02-20 23:50:42,2022,3.8677500000000946,0.001912833827893222,7.479568908096046e-05,13.494046808447623,0.2183089023529317,1
2026-02-20 23:51:02,1852,4.74996999999981,0.0025647786177104806,-0.0003194627293730332,5.2585081841999655,0.22926915413569537,1
2026-02-20 23:51:22,2993,3.8540200000001725,0.0012876779151353734,-0.00028701106202158475,23.1432926108395,0.14705872248535468,1
2026-02-20 23:51:42,2039,3.1849500000000526,0.001562015693967657,0.00024317736622180995,9.910476418929212,0.2245533741666726,1
2026-02-20 23:52:02,2466,5.026939999999809,0.0020384995944849184,-3.0165777373637118e-05,15.131546764486613,0.19690338052769724,1
2026-02-20 23:52:22,2522,4.083920000000017,0.0016193180015860495,0.0009418876102727873,23.037494303975176,0.11227320558951848,1
2026-02-20 23:52:42,1426,2.846560000000045,0.0019961851332398633,4.8042700112939314e-05,5.280438078336782,0.26883776292798856,1
2026-02-20 23:53:02,889,1.5049400000000117,0.0016928458942632302,-0.00022722210311580625,3.7024833028315247,0.2716573349638979,1
2026-02-20 23:53:22,3018,9.099260000000081,0.003014996686547409,0.0015189945953997424,30.83092018791147,0.04716653098956547,1
2026-02-20 23:53:42,2371,7.080839999999695,0.002986436102910036,3.0247398388466825e-05,10.62320009345122,0.20759458153624571,1
2026-02-20 23:54:03,2364,3.636130000000108,0.0015381260575296565,-0.0010256984851728318,23.32099500595731,0.1415679394729713,1
2026-02-20 23:54:23,2519,4.432919999999977,0.0017597935688765292,-0.0002398339060708285,11.45362611684531,0.19312759077297503,1
2026-02-20 23:54:43,2645,2.4440100000000795,0.0009240113421550395,0.0002670452044871677,19.581250891828457,0.15745318966024768,1
2026-02-20 23:55:03,2178,4.271869999999997,0.0019613728191000906,5.1455865409310377e-05,8.528354735589799,0.22314734879618686,1
2026-02-20 23:55:23,2592,2.9346600000001097,0.0011321990740741164,-0.0003055874176133971,11.58494910415879,0.17925487086837932,1
2026-02-20 23:55:43,2108,2.9771300000000727,0.0014123007590133173,0.0004952953653630863,9.71043753470062,0.19505635924018228,1
2026-02-20 23:56:04,1151,2.547400000000031,0.0022132059079061957,0.0003689017880255917,5.85877977260016,0.2610593572035929,1
2026-02-20 23:56:24,2878,7.938239999999925,0.002758248783877667,-0.00026532058701417245,9.928727504175322,0.19169425693871767,1
2026-02-20 23:56:44,1030,2.829020000000036,0.002746621359223336,0.0002885008482074901,8.934008127208601,0.28282247002070954,1
2026-02-20 23:57:04,1430,5.308519999999924,0.003712251748251695,-2.8171025250918393e-05,6.812814791683825,0.3007381866473888,1
2026-02-20 23:57:24,2242,14.28162000000003,0.006370035682426419,-1.4309495304196063e-05,10.179499702415827,0.20782069850402773,1
2026-02-20 23:57:45,1671,7.546929999999883,0.004516415320167494,-0.00071608134767595,14.492936101559433,0.22622408995749055,1
2026-02-20 23:58:05,1529,3.8076600000000647,0.0024902943100065826,0.00036993215324959076,9.798319046335196,0.24286952997159628,1
2026-02-20 23:58:25,1132,4.093730000000025,0.003616369257950552,-0.0003920128975075435,9.497889930370427,0.2837537896032717,1
2026-02-20 23:58:45,761,3.4053900000000152,0.004474888304862043,0.00035830659707787805,6.6309091531909585,0.29824879301419255,1
2026-02-20 23:59:06,1107,5.0116899999999145,0.004527271906052317,-0.00011004809161235373,4.812319010663573,0.28868976718351674,1
2026-02-20 23:59:26,1393,4.718700000000043,0.003387437185929679,-7.322434687168727e-05,6.546813847876607,0.30035990201022106,1
2026-02-20 23:59:47,1187,4.589580000000016,0.0038665374894692635,0.0006040332418135972,14.2054773260247,0.25246460630670314,1
2026-02-21 00:00:07,3496,21.833100000001146,0.006245165903890488,-0.00011954130718574535,13.754738526461512,0.13586662873993505,1
2026-02-21 00:00:27,3284,13.511300000000292,0.004114281364190101,0.0013143734797385423,33.53252365809668,0.040357566708981385,1
2026-02-21 00:00:47,2877,4.442150000000111,0.0015440215502259683,-0.00016793321260402533,10.264704014464849,0.1876292185544366,1
2026-02-21 00:01:07,4042,14.96512000000041,0.0037024047501238023,0.0014056347788588685,23.507530526375458,0.05415195141549711,1
2026-02-21 00:01:27,15219,197.88472999998837,0.013002479137918941,0.0073681833003804735,152.07256545476233,-0.06511116576083364,-1
2026-02-21 00:01:47,11604,113.60594999998527,0.009790240434331719,-3.955824656585733e-05,63.01731427845353,-0.03587238289347583,-1
2026-02-21 00:02:07,13053,138.54530999999284,0.010614058837048405,0.0038997418426697556,136.54205737837677,-0.0594586814462551,-1
2026-02-21 00:02:27,12099,165.07885999997606,0.013644008595749737,-0.002285703362902602,59.83014387240134,-0.06322231839672587,-1
2026-02-21 00:02:47,10825,57.98989999999296,0.005357034642031682,-0.002675854218118046,40.998624333597036,-0.045383636006792405,-1
2026-02-21 00:03:07,7978,175.0496799999837,0.02194154926046424,-0.001325261180487229,45.10465105465635,-0.07526470722522538,-1
2026-02-21 00:03:27,9120,45.230149999991,0.004959446271928837,-0.0013329385420333877,22.530631230772798,-0.003382640224188327,-1
2026-02-21 00:03:48,6059,21.195930000000704,0.003498255487704358,-0.0007209964508777672,30.3440881578329,0.032084618568473666,1
2026-02-21 00:04:08,4579,15.697050000001036,0.0034280519764142907,0.0003592755060401571,19.927755278386883,0.10189686415606947,1
2026-02-21 00:04:28,6396,19.166680000001488,0.0029966666666668995,0.001286435098467471,35.76272163782768,-0.00679124905167372,-1
2026-02-21 00:04:48,5418,16.99739000000005,0.0031372074566260702,-0.0025144958033263493,48.20799279696123,0.019615064796212334,1
2026-02-21 00:05:08,5286,15.98624000000149,0.003024260310253782,-0.00024561291552923514,27.700149506855794,0.05937053744245657,1
2026-02-21 00:05:28,9713,21.302440000002512,0.0021931885102442618,-0.0012595393218229293,30.07950896532978,0.01543063408381573,1
2026-02-21 00:05:48,6771,32.76431000000164,0.004838917442032439,0.0007088177131599808,65.97948914187577,-0.0004681812842685096,-1
2026-02-21 00:06:09,4524,16.84490000000095,0.0037234526967287692,-0.0008893674693203818,15.86416911263126,0.10759588833102418,1
2026-02-21 00:06:29,5779,16.00998000000003,0.0027703720366845526,0.0006387799644590553,19.62448716544836,0.06109786836427511,1
2026-02-21 00:06:49,5486,12.717749999999501,0.002318219103171619,-0.0006517427917201975,20.596651733985613,0.08032995979723345,1
2026-02-21 00:07:09,6534,27.684130000001673,0.004236934496480207,-0.002125529003704148,41.57669451479199,-0.0009089574127538746,-1
2026-02-21 00:07:29,5505,22.391830000001598,0.004067544050863142,0.001132514303914937,26.736883682511248,0.018030086961019043,1
2026-02-21 00:07:49,5631,33.40101000000018,0.005931630261054906,0.0009691818619988697,32.39142518902332,-0.010535052820592083,-1
2026-02-21 00:08:09,3466,16.93485000000091,0.004885992498557677,-0.001303181660193427,22.600534916908153,0.13042325559310564,1
2026-02-21 00:08:29,6720,39.33679000000001,0.005853688988095239,0.001860119490646505,27.22180818963848,-0.02000209927837837,-1
2026-02-21 00:08:49,6071,25.55349000000108,0.004209107231098843,0.001564555987034287,31.252887825614675,-0.015699044964575637,-1
2026-02-21 00:09:09,6796,30.174630000001983,0.004440057386698349,-0.0002809724673685093,26.021753436792807,0.04390839026254911,1
2026-02-21 00:09:30,4459,18.275990000000782,0.004098674590715582,-0.0009330788932450408,15.941616492941893,0.1145057215747598,1
2026-02-21 00:09:50,4245,11.442910000000253,0.0026956207302709667,0.0007978977799667825,23.120236068636935,0.07876166879308155,1
2026-02-21 00:10:10,4875,13.44169000000103,0.002757269743589955,-6.589429842165833e-05,29.069774868481062,0.05988177268626105,1
2026-02-21 00:10:30,4226,12.241590000000647,0.002896732134406211,0.0002021485331617084,25.456792531806325,0.10018582698895084,1
2026-02-21 00:10:50,3292,16.85071000000056,0.005118684690158129,7.879528391673507e-05,11.85007908581487,0.15045812425979532,1
2026-02-21 00:11:10,3267,19.782920000000512,0.0060553780226509065,-0.0005497570163017854,17.277388806980458,0.15422172879007268,1
2026-02-21 00:11:30,4682,25.860970000001224,0.005523487825715768,-0.0006775901603931836,17.912884090635846,0.07920551816297527,1
2026-02-21 00:11:50,5697,25.654880000001143,0.004503226259434991,-0.0025242845953716867,54.39273376820143,0.0019710565327926144,1
2026-02-21 00:12:10,4934,16.48991000000098,0.0033420976895016173,0.00020881661894324305,11.45534731857146,0.10244671352106471,1
2026-02-21 00:12:30,3168,15.81191000000065,0.004991133207070912,-0.00015903682059772553,20.308331169391398,0.15600317040749756,1
2026-02-21 00:12:50,4272,15.81201000000097,0.0037013132022474184,0.0009286070239327612,24.25229920923629,0.07133249485268611,1
2026-02-21 00:13:10,2461,12.152380000000178,0.004937984559122381,-0.00044624038384694163,21.679804594367308,0.1850921401079041,1
2026-02-21 00:13:31,2683,11.066380000000132,0.004124629146477873,-0.0012010250692397059,28.207576239491285,0.12143627493705778,1
2026-02-21 00:13:51,5192,20.065070000000958,0.003864612865947796,-0.0008921642315471803,24.62398713396935,0.08019453194213377,1
2026-02-21 00:14:11,3211,7.164439999999801,0.002231217689193336,8.055287916032829e-06,15.77105380747111,0.16344759431528377,1
2026-02-21 00:14:31,4883,24.592150000001578,0.00503627892688953,-0.0011702449011556572,22.43269143579638,0.0701185134046225,1
2026-02-21 00:14:51,4172,13.25558000000013,0.0031772722914669535,-0.0012053678970697338,25.79384378348735,0.08815623010732876,1
2026-02-21 00:15:11,4836,29.085790000001044,0.006014431348221887,0.0011108270121309306,22.01310229265558,0.04005431491479472,1
2026-02-21 00:15:31,4032,9.783090000000003,0.002426361607142858,-0.0007178235160835584,14.068364823322641,0.11805076603066,1
2026-02-21 00:15:51,4442,13.609459999999697,0.003063813597478545,-0.0009615220776410282,23.963728558983252,0.10445397365775932,1
2026-02-21 00:16:12,5273,9.800719999999483,0.0018586611037359156,-0.0014271394374625885,23.764627725352963,0.04839404950405335,1
2026-02-21 00:16:32,4506,14.458460000000576,0.0032087128273414504,-0.0001582150229059346,13.082101872473805,0.11943747893193668,1
2026-02-21 00:16:52,4030,8.183959999999649,0.002030759305210831,-0.0011873998356162294,20.97043451730034,0.09566535137983989,1
2026-02-21 00:17:12,8934,49.36468999998973,0.005525485784641787,0.00114395345212146,53.434741344306566,-0.04057796717368212,-1
2026-02-21 00:17:32,6205,18.20133000000124,0.002933332796132351,0.0016021025291671298,37.42607014588015,-0.005047203845220394,-1
2026-02-21 00:17:52,3558,16.813600000000175,0.004725576166385659,0.0016945467940136585,35.12661147764908,0.0314622943052999,1
2026-02-21 00:18:12,4681,20.117890000001164,0.004297776116214733,-0.0012707765164443193,35.34949461452959,0.03622650639961189,1
2026-02-21 00:18:32,3553,7.067579999999672,0.0019891866028707212,0.0009565383719795634,20.635847974814293,0.09665687076338048,1
2026-02-21 00:18:52,5899,22.73173000000088,0.003853488726903014,0.0020484066429333073,43.73292721952888,-0.00970764319135431,-1
2026-02-21 00:19:12,7022,36.62476999999924,0.005215717744232304,0.00032281074672006657,26.881309992217435,0.0205777446713461,1
2026-02-21 00:19:32,4947,19.605090000000235,0.003963026076409993,-0.00042332017165326173,16.416382023120477,0.10253645970868419,1
2026-02-21 00:19:53,2989,14.376310000000517,0.00480973904315842,0.0008390955602644794,18.908240977770173,0.12642571698179705,1
2026-02-21 00:20:13,3669,7.800339999999589,0.0021260125374760394,0.0006721143038320287,24.222861038560826,0.10018051695161312,1
2026-02-21 00:20:33,4806,8.969379999999687,0.0018662879733665598,0.00017346203571186856,21.560397519917284,0.0931867120541916,1
2026-02-21 00:20:53,7512,18.764100000001203,0.0024978833865816298,0.00034388647994659886,25.872054744571912,0.062405329916500274,1
2026-02-21 00:21:13,4620,13.476880000000873,0.002917073593073782,0.0005463087032585633,25.638514101954605,0.07441091572059388,1
2026-02-21 00:21:34,4204,13.019059999999817,0.0030968268315889193,-0.00023872148802767725,11.569204174839653,0.1359598029655935,1
2026-02-21 00:21:54,4649,18.757250000000507,0.004034684878468597,0.0014091648080132141,43.59062333220646,0.00591182525745082,1
2026-02-21 00:22:14,3033,9.065600000000005,0.002988987800857239,-0.0008078816445961084,26.802466406705083,0.12646280774049856,1
2026-02-21 00:22:34,1997,3.7745100000000615,0.0018900901352028351,0.000515035804206692,16.02441492933124,0.19315579679548633,1
2026-02-21 00:22:54,2527,13.167050000000557,0.005210546102097569,0.00043526648220710564,20.698922122291172,0.1719206627280221,1
2026-02-21 00:23:14,3427,6.637889999999559,0.0019369390137144906,-0.0006761608442858842,15.11026453099347,0.16052610432472403,1
2026-02-21 00:23:34,3048,7.040369999999915,0.0023098326771653264,0.0007729383578686759,13.358666500383032,0.12858552071043017,1
2026-02-21 00:23:54,4514,17.13397000000008,0.0037957399202481344,0.0019014453628542665,40.71912907592336,0.008194219617140286,1
2026-02-21 00:24:15,3302,6.011879999999708,0.0018206783767412806,-0.0012958122479086879,26.658984677329375,0.08116379279538388,1
2026-02-21 00:24:35,2073,4.36234000000008,0.0021043608297154266,-0.0007117584575310589,19.813597875599786,0.1773595386065313,1
2026-02-21 00:24:55,2422,6.346639999999953,0.0026204128819157526,-0.0013622911684585165,29.546258947830733,0.09176117654236848,1
2026-02-21 00:25:15,4451,6.3024499999996975,0.001415962705010042,0.0012975113307262512,36.04480766283628,0.0037755023473985405,1
2026-02-21 00:25:35,3233,8.803130000000202,0.002722898236931705,0.00010576991211456034,12.05390947059986,0.16269410069457768,1
2026-02-21 00:25:55,3667,6.37820999999987,0.00173935369511859,-0.0007126831003645248,18.186621916256044,0.1393984109634262,1
2026-02-21 00:26:15,2552,7.216969999999367,0.0028279663009401906,0.000515346918256618,12.650969526117557,0.18625753777423126,1
2026-02-21 00:26:36,2877,7.972989999999848,0.002771286061869951,0.0011922494426512417,25.213448606548198,0.07038184490276045,1
2026-02-21 00:26:56,1913,8.27370999999982,0.0043249921589126085,0.0007346787357173877,19.609696503025255,0.17630995009726835,1
2026-02-21 00:27:16,6869,40.705919999998784,0.005926032901441081,0.0011319775502486897,35.75341218274127,-0.030279502410964887,-1
2026-02-21 00:27:36,5701,28.56418000000195,0.0050103806349766624,-0.00022720590794622386,25.46512408419452,0.048549743892873254,1
2026-02-21 00:27:56,3301,9.31188999999974,0.002820930021205617,-8.311048316524694e-05,28.460068818569766,0.11094649988387817,1
2026-02-21 00:28:16,2730,10.307950000000195,0.0037758058608059323,-0.0006425670680302564,10.705041572080741,0.1880888698855393,1
2026-02-21 00:28:37,3109,14.522490000000284,0.004671112898038046,8.791498132077311e-05,8.998608730797839,0.15212528693570915,1
2026-02-21 00:28:57,2637,14.090749999999653,0.005343477436480718,0.0005499762368756735,18.330624808567507,0.16532023268328866,1
2026-02-21 00:29:17,3511,10.342039999999958,0.0029456109370549583,-0.0008248070918892112,15.558910195553528,0.14815721415273042,1
2026-02-21 00:29:38,2589,11.185090000000212,0.004320235612205567,0.00010869096193876422,17.364702241201694,0.1865370600111811,1
